,,,Ropes,Ropes,Ropes,Ropes,Ropes,Ropes,Ropes,Ropes,Ropes,Ropes,Ropes,Ropes,Ropes,Ropes,Ropes,Ropes,Ropes,Ropes,Ropes,Ropes,Ropes,Ropes,Ropes,Ropes,Ropes,Ropes,Ropes,Ropes,Ropes,Ropes,Ropes,Ropes,Arts,Arts,Arts,Arts,Arts,Arts,Arts,Arts,Arts,Arts,Arts,Arts,Arts,Arts,Arts,Arts,Arts,Arts,Arts,Arts,Arts,Arts,Arts,Arts,Arts,Arts,Arts,Arts,Arts,Arts,Arts,Arts,Arts,Circus,Circus,Circus,Circus,Circus,Circus,Circus,Circus,Circus,Circus,Circus,Fan,Fan,Fan,Fan,Fan,Fan,Fan,Fan,Fan,Fan,Fan,Fan,Outdoor and Nature,Outdoor and Nature,Outdoor and Nature,Outdoor and Nature,Outdoor and Nature,Outdoor and Nature,Outdoor and Nature,Outdoor and Nature,Outdoor and Nature,Outdoor and Nature,Outdoor and Nature,Outdoor and Nature,Outdoor and Nature,Relaxation,Relaxation,Relaxation,Relaxation,Relaxation,Target / Martial Arts,Target / Martial Arts,Target / Martial Arts,Target / Martial Arts,Target / Martial Arts,Target / Martial Arts,Target / Martial Arts,Target / Martial Arts,Target / Martial Arts,Target / Martial Arts,Target / Martial Arts,Target / Martial Arts,Target / Martial Arts,Biking / Boarding,Biking / Boarding,Biking / Boarding,Biking / Boarding,Biking / Boarding,Waterfront,Waterfront,Waterfront,Waterfront,Waterfront,Waterfront,Waterfront,Waterfront,Special Interest :-),Special Interest :-),Special Interest :-),Dance/Choreography,Dance/Choreography,Dance/Choreography,Dance/Choreography,Dance/Choreography,Dance/Choreography,Music,Music,Music,Kalimba,Kalimba,Kalimba,Other,Other,Other,Other,Other,Other,Other,Other,Other,Other,Other,Other,Other,Components,Components,Components,Components,Components,Components,Components,Components,Components,Components,Components,Components,Components,Components,Components,Components,Components,Components,Components,Components,Components,Components,Components,Components,Components,Components,Components,Components,Components,Components,Components,Components,Components,Components,Components,Components,Components,Components,Components,Components,Components
,RAL (+ date of incident),,,Canopy Tour,,Canopy Tour,,,Ground Belay,Ground Belay,Ground Belay,Ground Belay,Giants Swing,,Giants Swing,,Gravity Zip Line,,Gravity Zip Line,,Leap of Faith,,Low Ropes,,Pods,Pods,Pods,Pods,,Pole Course,Pole Course,Pole Course,Tree Climbing,,,Acrylic Pouring,Balloon Twisting,Bead working,Blacksmithing,Block Printing,Candle making,Ceramics Glaze,Ceramics Handbuilding,Ceramics Wheel,Clothing alterations,Embroidery,Felting Dry,Glass Fusing,Jewelry Smithing,Knitting,Lampworking,Lampworking Beads,Lathe Woodworking,Lathe: Cup Making,Lathe: Pen Making,Leatherworking,Fabric/Paper marble,Pine Needle Weaving,Polymer Clay,Puppet Making,Shibori tie dye,Stained Glass,Tie Dye,Watercolor,Wet Felting,Wire Jewelry,Wood Burning,,Aerial Bungee,Aerial Bungee,Aerial Silks - Ground,Aerial Silks - Ground,Aerial Silks - Air,Aerial Silks - Air,Circus Whip,Contact Juggling,Dart,Diabolo,,Hoop,Juggling,Lyra,Lyra,Poi,Slackline,Spin Jam,Staff,Stilt Walking,Advanced Stilt Walking,Unicycle,,Bee Keeping,Bite and Sting,Boo Boo Goo / Lip Balm,Lotion Making,Bread making,Burn Spray,Firemaking,Nature Walk,Plant & Animal Farm,Soap making,W.I.L.D.,Critter Crawl,,Aerial Yoga (flow),Aerial Yoga (tricks),Yoga,Meditation,,Ancient Weaponry,Archery 1/2,Archery 3,Archery 4/5,Archery Clout,AtlAtl,Battle Royale,Riflery,Quarterstaff,Sword Fighting lvl 1,Sword Fighting lvl 2+,Throwing Range,,Mountain Biking - BEG (Lvl 1),Mountain Biking - INT. (Lvl 2),Mountain Biking - ADV. (Lvl 3),Mountain Boarding,,LIFEGUARD,Leisurely Canoeing,Canoe,Crazy Canoe,Rope Swing,Kayak,Facilitating Swim Test,,Agility Course,Drama/Improv,,Dungeons and Dragons,Ninja Training (Leading/Level),Parkour,Saplings,Magz Time,,Banjo,Guitar,,Native Flute,Ukulele,,Risk Manual,Driver,Lice Checks,Lice Checks,Lice Checks,Lice Checks,Lice Checks,Lice Checks,Lice Checks,Lice Checks,Lice Checks,Lice Checks,Golf cart,Quad Driver,Arrow - Foam Tipped,Cob Oven,Fire Arrow Building,Fire Making,Fire Safety (fire prop HERO),Firespinning (use a prop),Flamethrower,Flaming Archery,Flaming Pinecone Golf,Flaming Pinecone Throwing,Fresnel Lens,Guillotine,Gunpowder,Holi Powder,Hot Tub Facilitation,Hot Tub Set Up,Kidnapping,Lasers,Liquid Nitrogen,Microwaves,Nightwalker,Ninja Sword (Catana / Katana),Tripwires,Paintball  Setup,Airsoft Setup,Paintball / Airsoft Facilitation,Rocket Candy,Rescue Your Counselor SE,Running Game at Night,SCUBA Maintenance,SCUBA Tanks,Slip n Slide,Smoke Bomb,Spin Machine,Starter Pistol,Swing Back-clip,Taking a 'Placebo',Watermelon and Rubberbands,XYZ Cannon
# facilitators,,,,1st,,2nd,,,1st CW,1st GJ,1st SS,2nd,1st,,2nd,,1st,,2nd,,,,,,AB 1st,AB 2nd,C,D,,1st,2nd,On ground,,,,,,,,,,,,,,,,,,,,,,,,,,,,,,,,,,,,,1st,2nd,1st,2nd,1st,2nd,,,,,,,,1st,2nd
Alan,5,,,✓,,✓,,,✓,✓,✓,✓,✓,,✓,,✓,,✓,,✓,,,,,,,,,,w/ scaf,✓,✓,,,,✓,Brief scaf,,w/ shadow,Past Ex,,,,,,,,,,w/ shadow,w/ shadow,w/ shadow,,,,,,,,,,,,,,✓,,,WCF,,,,,,,,,,,,,,,,,,,,,,,,,,,,,,✓,,,Past Ex,,,,,,,✓,w/ shadow,,,,Past Ex,✓,w/ shadow,,,,,,w/ scaf,,,✓,,✓,✓,✓,,,,,,,,,✓,,,,,,,,,,,,,,✓,,,,,,,,,,✓,,,,,,,,,,,,,✓,,,,,✓,Trainer,Brief scaf,,,,,,,,,✓,,Brief scaf,Brief scaf,,,✓,,,,,Brief scaf
Alesa,5,,,,,,,,,,,,,,,,,,,,,,,,,,,,,,,,,,,,,✓,,,✓,w/ shadow,w/ shadow,,,,✓,,w/ scaf,,,,,,,,,,✓,,✓,,✓,✓,,✓,,,,,,,,,w/ shadow,,,,,,,,,,,Past Ex,,,,,,,,,,,,,,,,✓,,,✓,w/ shadow,,,,Past Ex,,,,,,,,,Past Ex,,w/ shadow,,w/ scaf,WCF,,,,,✓,✓,,,Past Ex,,,Past Ex,,,,✓,,,,,,,,,,,,,✓,,,,,,,,,,✓,,,,,,,,✓
Alexis,5,,,,,,,,✓,✓,✓,✓,,,,,,,,,,,,,,,,,,,✓,Past Ex,,,,,Past Ex,Past Ex,Trainer,,,Interested,Interested,Interested,Interested,Past Ex,Interested,,,,,,✓,,✓,Trainer,,,,Past Ex,,,,,,✓,✓,,,,Interested,Interested,,,Past Ex,,,,,,,,,,,,,,,,,,,,,,,,,✓,,✓,,,,,,,,,,,,,Interested,,Trainer,,,,,,,,,,,,,,,,,,,,,,,,,,,,,,,,,,,✓,,,,,,,,,,,✓,Trainer,,,,,✓,,w/ scaf,,w/ shadow,,,,,,,,w/ shadow,,,,,w/ scaf,,Trainer,,Trainer,,w/ shadow,,,,,,,,,,,w/ scaf
Alyce,5,,,,,,,,✓,✓,✓,✓,,,,,,,Brief scaf,,,,,,,,,,,,,w/ scaf,,,,Brief scaf,,,,,,,,,,,✓,,,,,,,,,w/ scaf,,,✓,,Brief scaf,,✓,,,,Brief scaf,,,,,,,,,,,,,,,,✓,,,,,,,,,,✓,,,✓,,,,,,,,,✓,w/ shadow,,,,,,,,,,,,,,,,,,,,,,,✓,w/ scaf,,,,,,,,,,,,,,,,,,,,,,,,,,,,,,,,,✓,✓,,,,,w/ scaf,,,,w/ shadow,,,,,,,,w/ shadow,,,,,,,✓,Brief scaf,w/ scaf,,w/ shadow
Amber,5,,,,,,,,,,,w/ scaf,,,w/ scaf,,,,w/ scaf,,,,,,,,,,,,,w/ scaf,,,,✓,,✓,,,,,,,,,✓,Brief scaf,,,,,,,,w/ scaf,✓,,,✓,Brief scaf,,✓,w/ scaf,,,Brief scaf,,,WCF,,,,,,,,,,,,,,,,,,,,,,,,,,w/ scaf,,,,✓,,,,,,,,,,,,,,,,,,,,,,,,,,,,,✓,✓,✓
Anya,5,,,,,,,,,,,,,,,,,,,,,,,,,,,,,,,,,,,,,,,,✓,,Brief scaf,,,,,,,,,,,,,,,,✓,✓,,,,,,,,,,,,,,,,,,,,,,,,,,,,✓,,,,,,,,,,,,✓
Audrey,5,,,,,,,,,,,,,,,,,,,,,,,,,,,,,,,,,,,Trainer,,Trainer,,,Trainer,Trainer,Trainer,Trainer,,Trainer,Trainer,Trainer,,,,Trainer,,,,Trainer,,,Trainer,,Trainer,Trainer,Trainer,Trainer,,,,,,,,,,,,,,,,,,,,,,,,,,,,,,,,,,,,✓,,,,,,,,,,,,,,,,,,,,,,,,,,,,,✓,✓,,,,,,,,,,,,,✓,,,✓
Brian,5,,,,,,,,,,,,,,,,,,,,,,,,,,,,,,,,,,,,,,,,,,,,,,Brief scaf,,,,,,w/ shadow,,w/ shadow,✓,,,,,,,,,,,✓,,,,,,,,,,,,,,,,,,,,,,,,,,,,,,,,,,,,,,,,,,,,w/ shadow,,,,,,,,,,,,,,,Brief scaf,,,,,,,,,,,,,,✓,,,,,,,,,,,,✓,✓,,,,,,,,,,,,,,,,w/ shadow,,w/ shadow,,,,,w/ scaf,,,,,,,w/ shadow,,,w/ scaf,,✓,,,,,,,,,,w/ shadow,,,,,w/ shadow
Cam VL,5,,,,,,,,,,,,,,,,,,,,,,,,,,,,,,,,,,,,,Brief scaf,,Brief scaf,,✓,✓,,,,w/ scaf,Brief scaf,w/ shadow,,w/ scaf,w/ shadow,,,,,,,Brief scaf,,w/ shadow,,w/ scaf,,,Brief scaf,Brief scaf,,w/ scaf,✓,,,,,,,,,,,,,,,,,,,,,,,,,,,,,,,,,,,,,,,,,,,,,,,,,,,,,,,,,,,,,,,,,,,,,,,,,,,,,,,,,,,,,,,,,,,,,✓
Cameron Mc,5,,,,,,,,,,,,,,,,,,,,,,,,,,,,,,,,,,,,,,,✓,✓,w/ scaf,w/ scaf,w/ shadow,,,,,,,,,,,,✓,✓,,,✓,✓,,Brief scaf,,,,,,✓,WCF,,,,,,,,,,,w/ scaf,,,,,,,,,,,,,,,,,,,,w/ shadow
Caroline,5,,,,,,,,Brief scaf,,,✓,,,,,,,Brief scaf,,,,,,,,,,,,,,,,,,,Brief scaf,,,Brief scaf,,,,,,,,,,,,,,,,,,,,Brief scaf,,,,,,,,,,Trainer,Trainer,✓,✓,,,,,,,,✓,✓,,,,,,,,,,,,,,,,,,,,,,,,,,,,,,,,,,,,,,,,,,,,,,,,,,,,,,,,,,,,✓
Chandler,5,,,,,,,,,,,,,,,,,,,,,,✓,,,,,,,,,,,,,,,,,✓,,,,,,,,,,,,,,,,,,,,,,,,,,,,,,,,,,,,,,,,,,,,,,,,,,,,,,,,,,✓,,,,,,,,,,,,,,,,,,,,,,,,,,,,,,,,,,,,,,,,,,,,,✓,,,,,,,,,✓
Charlton,5,,,✓,,✓,,,✓,✓,✓,✓,✓,,✓,,Brief scaf,,✓,,Brief scaf,,,,,,,,,,WCF,✓,✓,,,Past Ex,Past Ex,✓,w/ shadow,,Past Ex,,,,,Past Ex,,,Past Ex,,,,,,Interested,,Past Ex,,,,Past Ex,,Past Ex,,,Brief scaf,,,✓,✓,,,,,,,,,,,,,,,,w/ shadow,,,,,,,,,,,,Past Ex,,,Past Ex,,,,,,,,,w/ shadow,w/ shadow,,,,Past Ex,w/ shadow,Past Ex,,,,Past Ex,,w/ shadow,,,✓,,,✓,w/ scaf,,✓,,,,,,,,,,,,,,,,,,,✓,,,,,,,,,,,,✓,✓,,,,,✓,,,,,,,,,,,,w/ shadow,,w/ shadow,,✓,w/ shadow,,✓,✓,✓,,,,,,,,,,,,,w/ shadow
Connor,5,,,,,,,,w/ scaf,w/ scaf,w/ scaf,✓,✓,,✓,,,,,,,,,,,,,,,,w/ scaf,w/ scaf,,,,,,,,,,,,,,,,,,,w/ scaf,,,,,,,,,,,,,,,,,,,,,,,,,,,,,,,,,,,,,,,,,,,,,,,,,,,,,,,,,,,,,,,,,,,,,,,,,,,,,,,,,,,,,,,,,,,,,,,,,,,,,,✓,,,,,,,,,,,,,,,,w/ shadow,,,,,,,,,,,,✓,,w/ shadow,,,,,w/ shadow,w/ shadow,✓,,w/ scaf,,w/ shadow,,,,,,,,,Brief scaf
Courtney,5,,,,,,,,,,,,,,,,,,,,,,,,,,,,,,,,,,,,,,,,,,,,,,,,,,,,,,,,,,,,,,,,,,,,,,,,,,,,,,,,,,,,,,,,,,,,,,,,,,,,,,,,,,,,,,,,,,,,,,,,,,,,,,,,,,,,,,,,,,,,,,,,,,,,,,,✓,,,,,,,,,,,✓
Dat,3,,,,,,,,,,,✓,✓,,,,✓,,✓,,,,w/ scaf,,,,,,,,w/ scaf,w/ scaf,,,,,,,,,,,,,,,,,,,,,,,,,,,,,,,,,,,,,✓,✓
Davi,5,,,,,,,,✓,✓,✓,✓,✓,,✓,,,,w/ scaf,,,,,,,,,,,,w/ scaf,w/ scaf,✓,,,,,,,w/ shadow,✓,,,,,,w/ scaf,,,,w/ shadow,,w/ shadow,,,w/ scaf,,,,,,,Brief scaf,,,,w/ scaf,,,,,,,,,,,,,,,,,,,,,,,,,,,,,,,,,,w/ shadow,,,,,,,,,w/ scaf,,,,,Past Ex,✓,✓,,✓,,Trainer,,✓,,,,,✓,,,Brief scaf,,,,,Trainer,,,,,,,,,,✓,,,,,,,✓
David,5,,,,,,,,,,,,,,,,w/ scaf,,Brief scaf,,,,,,,,,,,,,,,,,,,,,,,,,,,,,,,,,,,,,,,,,,,,,,,,,,,,,,,,,,,,,,,,,,,,,,,,,,,,,,,,,,,,,,,,,,,,,,,,,,,,,,,,,,,,,,,,,,,,,,,,,,,,,,,,,,,,,,,,,,,,,,,,✓,✓,,,,,,w/ shadow,w/ scaf,,,,,w/ scaf,,,,,,,w/ shadow,,,w/ scaf,,,,w/ scaf,,,,,,,,w/ scaf,,,,,w/ scaf
Diya,5,,,,,,,,,,,,,,,,,,,,,,,,,,,,,,,,,,,✓,✓,Trainer,,Trainer,Trainer,w/ scaf,✓,w/ shadow,,Trainer,Trainer,Trainer,w/ shadow,,w/ scaf,✓,w/ shadow,Interested,w/ scaf,w/ shadow,Trainer,,Trainer,✓,Trainer,Trainer,Trainer,w/ shadow,,Trainer,Trainer,,,,Interested,,,,,,,,,,,,,,,w/ shadow,,,,,,,,,,,,,,,,,,,,,,,,,,,,,,,,,,,,,Interested,,,Past Ex,,,Past Ex,Past Ex,Trainer,Past Ex,,,,,,,,,,,✓,,,,,,,,,,✓,,,,,,,,,,,,,,,,,,,,,,,,,,,,,,✓
Donny,5,,,w/ scaf,,,,,✓,✓,✓,✓,,,✓,,✓,,✓,,,,w/ scaf,,,,,,,Past Ex,✓,✓,,,,,,,,,,,,,,,,,,,,,,,,,,,,,,,,,,,,,,,,,,,✓,,,,,,,,,,,w/ shadow,,,,,,,,,,,,,,,w/ shadow,,,,,,,,,,,,,,,,,,,,,,,,,,,,,,,,,,,,,,,,,,,,,,,,✓,,,,✓,,,,,,,,,,✓,,,,,,✓,,w/ scaf,,,,,w/ shadow,,,,,w/ shadow,,✓,,,w/ shadow,,,,,,w/ shadow,,,,,,✓
Dylan,5,,,,,,,,,,Past Ex,,,,,,,,,,,,,,,,,,,,,,,,,,,,,,✓,,,,,,✓,,,,,,,,,,,,,✓,,,,,,,,,,,,,,,,,,,,,Trainer,,,,,,,,,Trainer,,,,,,,,,,,,,,,,,,,,,✓,,,,,,,,,,,,,,,,,,,w/ scaf,,,,,,,,,,,,,,,,,,,,,,,✓,,,,,,,,,,,,,,,,,✓
Emily,5,,,,,,,,,,,,,,,,,,,,,,,,,,,,,,,,,,,,,w/ shadow,,,,,,,,,Brief scaf,,,,,,,,,,,,✓,✓,,,,,,✓,w/ scaf,,,,,,,,,,,,,,,,,,,,,,,,,,,,,,,,,,✓,,,,,,,,,,,,,,,,,,,,,,,,,,,,,,,,,,,,,,,,,,,,,,,,,,,✓,,,,,,,,,,,,,,,,,,,,,,,,,w/ scaf,,,,,,,,,Brief scaf,,,,,,,,,,,,,,,,,w/ shadow
Elsa,5,,,✓,,✓,,,✓,✓,✓,✓,✓,,✓,,✓,,w/ scaf,,,,,,,,,,,,w/ scaf,w/ scaf,,,,,,,,,,,,,,,✓,,,,w/ scaf,,,,,,,,,,,,,,,,✓,,,,,,,,,,,,,,,,✓,,,,,,,,,,,,,,,,,,,,,,,,,,,,,,,,,,w/ scaf,,,,,,,,,,,✓,,,,,,,,,,,,,,,✓
Ericka,5,,,,,✓,,,Past Ex,,,Past Ex,,,✓,,,,Past Ex,,,,,,,,,,,,,,✓,,,,,,,,Past Ex,,,,,,,,,,,,,,,,,,,,,Past Ex,,,,,,,Trainer,Trainer,Trainer,Trainer,Trainer,Trainer,,,,,,,,Trainer,Trainer,,,,,,,,,,,Past Ex,,Past Ex,,,,,,,,,,,,,,,,,,,,,,,,,,,,,,,,Trainer,,,,,,✓,,,,,,,,✓
Eryn JC,5,,,,,,,,,,,,,,,,,,,,,,,,,,,,,,,,,,,,,,,,,✓,✓,✓,,✓,✓,,,,,,,,,,,,✓,,,,,,,✓
Ethan,5,,,,,w/ scaf,,,✓,,,✓,,,,,w/ scaf,,Brief scaf,,,,,,,,,,,,✓,✓,,,,,,,✓,,w/ shadow,,,,,Brief scaf,,,,,,,,,,,,,,,,,,,,,✓,,,,,,,,,,,,,,,,,,,,,,,,,,,,,,,,,✓,,,,,,,,,,,w/ scaf,,,✓,,,w/ scaf,,Brief scaf,,✓,,w/ scaf,WCF,,,,,✓,w/ scaf,,✓,,,,,,,,,,,,,,,,,,,,,,,,,,,,,,,,,,,,,,,✓,,,,,,,,,,,,,,,✓,✓
Gabe,5,,,,,,,,✓,✓,✓,✓,✓,,✓,,,,,,,,,,,,,,,,,Past Ex,,,,,,,,,✓,,,,,,Past Ex,,,,,,w/ scaf,,w/ shadow,,,,✓,✓,Brief scaf,,Past Ex,,,,✓,,✓,✓,,,,,,,,,,,w/ shadow,,,,,✓,,w/ scaf,,,,,,,,,,,,,,,,,,,,,,Brief scaf,w/ scaf,w/ shadow,,Interested,✓,✓,✓,,,,✓,,,,,✓,,,,,Past Ex,✓,,,,,,,,,,,,,,,,,,,,,,,,,,,,,,,,✓
Gracie,5,,,,,,,,Past Ex,,,Past Ex,,,,,,,,,,,w/ scaf,,,,,,,,,,✓,,,,✓,✓,,✓,✓,Trainer,Trainer,Trainer,,✓,,✓,,,Past Ex,Past Ex,,,,,Past Ex,✓,,,✓,w/ scaf,✓,,✓,✓,,,,,,,,,,,,,,,,,,,,,,,,,,,,Past Ex,,,,,✓,,,,,,✓,,,,,,w/ scaf,,,,,,,,,,,,,,,,,,✓,✓,,,,,,,,,,,,✓,✓,,,,,,,,✓,✓,✓,,,,,,,,,,✓,,,,,,✓,,✓,,,✓,,,,,,,,,Trainer,,,,,,,,,,,,,,,✓
Isaac,5,,,✓,,✓,,,✓,✓,✓,✓,✓,,✓,,✓,,✓,,✓,,,,,,,,,✓,✓,✓
Hailey,5,,,,,,,,,,,,,,,,,,,,,,,,,,,,,,,,,,,,,,,,✓,,,,,,,,,,,,,,,w/ scaf,,,,,,,,,,,,,,,,,,,,,,,,,,,,,,,,,,,,,,,,,,,,,,,,,,,,,,,,,,,,,w/ scaf,,,,✓,,,,,,,✓,,,,,,,,,,,,,,,,,,,,,,,,,,,,,,,,,,,,,,,,,,,,w/ scaf,,,,w/ scaf,,,,,w/ scaf,,w/ scaf,,,,,,,,,w/ scaf,,w/ scaf,w/ scaf,,,w/ scaf,,,,,w/ scaf
Hails,5,,,,,Past Ex,,,,,,,,,,,,,,,,,,,,,,,,,,w/ scaf,,,,,,,,,,,,,,,,,,,Trainer,✓,,,,,,,,,,,,,,,,,,,,,,,,,,,,,,,,,Trainer,,,,,,,,,,,,,,,,,,,,,,,,,,,,,,,,,,,,,,,,,,,,,,,,,,,,,,,,,,✓
Henry,5,,,,,,,,✓,✓,,✓,✓,,✓,,,,,,,,,,,,,,,,,,,,,,,,,,,,,,,,,,,,,Brief scaf,,,,,,,,,,,,,,,,,,,✓,✓,,,,,,,,,,,,,,,,✓,WCF
James,5,,,,,w/ scaf,,,✓,✓,✓,✓,w/ scaf,,w/ scaf,,✓,,,,,,,,,,,,,,✓,✓,✓,,,Brief scaf,,,,,,,,,,,,,,,,,w/ shadow,,,,Brief scaf,,,,,,,,,,,,✓,✓,,,,,,,,,,,,,,,,,,,,,,,,,,,,w/ scaf,,,,,,,,,,,,,,,,,,,w/ scaf,,Brief scaf,,w/ shadow,,,,,✓,,,✓,w/ scaf,,✓,,,,w/ scaf,,,,,,,,,,,,,,,✓,,,,,,,,,,,,,,,,,,,,,,✓
Jana,5,,,,,,,,✓,✓,✓,✓,,,,,,,,,,,,,,,,,,,,✓,,,,✓,,w/ scaf,,✓,✓,✓,✓,w/ scaf,,Brief scaf,Brief scaf,,,,,,,,,,✓,,✓,,Brief scaf,,Brief scaf,,,,✓,,,,,,,,,,,,,,,,WCF,,,,,,,,,,,,,,,,,,,,,,,,,,,,,,,,,,,,,,,,,,,,,,✓,✓,Brief scaf
Javi,5,,,,,,,,,,,Brief scaf,,,w/ scaf,,,,w/ scaf,,,,,,,,,,,,,,,,,,,,,,w/ shadow,,,,,✓,,,,,,,,,Interested,,,,,,,,,,,,,,,,,,,,,,,,,,,,,,,Brief scaf,,,,,,,,,,,,,,,,,,,,,,,,,,,,,w/ scaf,,,,w/ scaf,,,,w/ scaf,w/ scaf,,,,✓,,,,,,✓,,✓,,,,✓,,,,,,✓
Jayla,5,,,,,,,,,,,,,,,,,,,,,,,,,,,,,,,,,,,,,,,,,,,,,✓,,,,,w/ scaf,,,,,,w/ scaf,,,,,,,,,,,,,,,WCF,,,,,,,,,,✓,✓,,,,,,,,,,,,,,,✓,,,,,,,✓,w/ shadow,,,,,w/ shadow,,,,,,,,,,,,,,,,,,,,,,,,,,,,,✓,,,✓
Josh,5,,,,,,,,Brief scaf,✓,Brief scaf,✓,✓,,✓,,,,w/ scaf,,✓,,,,,,,,,,,w/ scaf,,,,,,,,,,,,,,,,,,,,,,,,,,,,,,,,,,,✓,,,,,,,,,,,,,,,,,,,,,,,,,,,,,,,w/ scaf,,,,,,,,,,,,,,,,✓,,,,,,,,,,,,,,✓
Juan Pablo,5,,,,,,,,,,,w/ scaf,,,,,,,,,,,,,,,,,,,,,,,,,,✓,,w/ shadow,,,,,,✓,,,,,,,,,,,,,✓,,w/ scaf,,✓,,,,,,,WCF,,,,,,,,,,,,,WCF,,Brief scaf,,,,,,,,Brief scaf,Brief scaf,,,,,,,,,,,w/ shadow,w/ shadow
Julian,5,,,,,,,,,,,w/ shadow,,,,,,,,,,,,,,,,,,,,,,,,✓,,,w/ shadow,Brief scaf,,,,,,,,,,,,,,,,,,,,,,,,,,,,,,,,,,,,,,,,,,,,,Brief scaf,Brief scaf,,,,,,,,,,,,,,,,,,,,,,,,✓,,,,,,,w/ shadow,,,,,,,,,,,,✓,✓,✓,✓,,,,WCF
K8,5,,,,,,,,,,,,,,,,,,,,,,,,,,,,,,,,,,,,,,,,✓,✓,✓,✓,,,,,w/ shadow,,,,,,,,,,,✓,,,✓,,,,✓,,,,,,,,,,,,,,,,,,,,,,,,,,,,,,,,,,,,,,,,,,,,,,,,,,,,,,,,,,,,,,,,,,,,,,,,,,,,✓
Kara,5,,,,,,,,,,,w/ scaf,,,w/ shadow,,,,,,,,,,,,,,,,,,,,,✓,✓,,,✓,,Brief scaf,Brief scaf,✓,,,✓,✓,w/ scaf,,,,,,,,✓,,,✓,,w/ scaf,,,,,✓,,,,,,,,,,,,,,w/ shadow,,,,,,,,,,,,,,,,,,,,w/ shadow
Katrina,5,,,,,,,,,,,,w/ scaf,,w/ scaf,,,,,,,,,,,,,,,,,,,,,,,,,,w/ shadow,,,,,w/ shadow,,,,,,,,,,,,,,,,,,,,✓,,,,,,,,,,,,,,,,,WCF,,,,,,,,,,,,,,,,,,,,,,w/ scaf,w/ scaf,,,,,,,,,,,,,,,,,✓,WCF,,✓,,✓,,,,,,,,✓,,,,✓
Kayce,5,,,,,,,,✓,✓,,✓,w/ scaf,,w/ scaf,,,,,,w/ scaf,,,,,,,,,,w/ scaf,,w/ scaf,,,,,,,,,,,,,,,,,,,,,,,,,,,,,,,,,,,,,,,,,,,,,,,,,,,,,,,,,,,,,,,,,,,,,,,,,,,,,,,,,,,,,,,,,,,,,,,,,,,,,,,,,,,,,,,,,,,,,,,✓
Kerry,5,,,,,,,,,,,,,,,,,,,,,,,,,,,,,,,,,,,,,,,,,,,,,,,,,,,,,,,,,,,,,,,,,,,,,,,,,,,,,,,,,,,,,,,,,,,,Trainer,Trainer,Trainer,Trainer,,,,,,,,,,,,,,,,,,,,,,,,,,,,,,,,,,,,,,,,,,,,,,,,,,,,,,,✓
Khushi,5,,,✓,,,,,Past Ex,Past Ex,Past Ex,✓,,,✓,,Past Ex,,Past Ex,,✓,,,,,,,,,,,w/ scaf,Past Ex,,,,,✓,,,✓,,,,Brief scaf,✓,Brief scaf,,,,,,,,,,,,,,,,,,,✓,Brief scaf,,,,,,,,,,,,,,,,,,,,,,,,,,,,,,,,,,,,,,,,,,,,,,,,,w/ scaf
Leah,5,,,,,,,,,,,✓,w/ scaf,,✓,,,,,,,,,,,,,,,,,w/ scaf,,,,,,,,✓,Brief scaf,Brief scaf,Brief scaf,w/ scaf,,,,,,,,,,,,,,,,,,,,,,,,,,,,,,,,,,,,,,,WCF,,,,,,,,,,,,,,,Brief scaf,,✓,,,,,,,,,,,,,,,,,w/ scaf,,w/ scaf,,,,,,,,,,✓,✓,Brief scaf,✓
Leandro,5,,,,,,,,✓,Brief scaf,Brief scaf,Brief scaf,w/ shadow,,w/ scaf,,,,w/ scaf,,,,,,,,,,,,,w/ scaf,✓,,,,,,,,✓,,,,,,Brief scaf,✓,w/ scaf,,,,w/ scaf,,w/ scaf,w/ scaf,,,,,,,w/ scaf,,,,✓,,,,,,,,,,,,,,,,,,,,,w/ scaf,,,,,,,,,,,✓,,,,,,,,,,,✓,w/ shadow,,,,,,,,,,w/ scaf,,w/ scaf,WCF,,✓,,✓,,,,Brief scaf,,,,Brief scaf,,,,✓,,,,,,✓
Leni,5,,,,,✓,,,✓,w/ scaf,w/ scaf,✓,Interested,,Interested,,Interested,,✓,,Interested,,,,,,,,,Interested,✓,✓,Brief scaf,,,,,,,,,,,,,,,,,,,,,,,,,,,,,,,,,,,,Interested,Interested,,WCF,,,,,,,,,,,,,,,,,,,,,,,,✓,,,,,,,,,,,,,,,,,,,,,,,,,,,,,,,,✓,,,,,,,,,,,,,,,,,,,,,,,,,,,,,,,,,,,,,,,,,w/ shadow,,,,✓
Levi,5,,,,,,,,,,,✓,,,,,w/ scaf,,w/ scaf,,w/ scaf,,,,,,,,,,,w/ scaf,,,,,,,,Brief scaf,,,,,,,,,,,,,,,,,,,,,,,,,,,,,,,,,,,,,,,,,,,,,,,,,,,,,w/ shadow,w/ shadow,,w/ shadow,,,,,,,,,,,,,,w/ scaf,,,,,,,,,,,,,,,,,,,,,,,,,,,,,,,,,,,,,,,,,Interested,,✓,,,,,,,,,,,,,,,,✓,,✓,,,,,,,,,,,,,,,✓,,w/ scaf,w/ scaf,w/ shadow
Liam C,5,,,,,,,,✓,✓,✓,✓,✓,,✓,,w/ scaf,,,,w/ scaf,,,,,,,,,,,w/ scaf,,,,,,,,Brief scaf,Past Ex,,,,,,,,,,,,✓,,✓,w/ scaf,,,,,w/ scaf,,,,,,,,,✓,,,,,,,,,,,,,,,,,,,,,,,,,,,,,,,,,,,,,,,,✓,,,,,,✓,,✓,✓,,✓,,w/ shadow,,,,,,,Brief scaf,,,,,,w/ scaf,,,,,,,,,,,,,,,,,,,,,,,,,,,,,,,,,✓
Lillybeth,5,,,,,✓,,,,,,✓,,,,,,,,,,,,,,,,,,,✓
Lisa,5,,,,,,,,,,,✓,w/ scaf,,,,,,,,,,✓,,,,,,,,,w/ scaf,,,,,,,,,,,,,,,,Brief scaf,,,,,,,,,,,,,Brief scaf,,Brief scaf,,,,,,,,,,,,,,,,,,,,,,,,,,,,,,,,,✓,,,,,,,,,w/ scaf,w/ shadow,,,,,,,,,,,,,,,,,w/ scaf,,,,,,,,,,,,,,,,,,,,,,,,,,,,,,,,,,,,,,,,✓,,,,,,✓
Mariana,5,,,,,,,,,,,✓,w/ scaf,,,,,,✓,,,,,,,,,,,,,,,,,,,,,Brief scaf,,w/ scaf,w/ scaf,✓,,,,,,,,,,,,,,,,,,w/ scaf,,,,Brief scaf,,,,,,,,,,,,,,,,,,,Brief scaf,,,,,,,,,,,,,,,,,,,,,,,,,,,,,,,,,,,,,,,,,,,,,,Brief scaf
Matthew,5,,,,,,,,WCF,,,Past Ex,w/ scaf,,w/ scaf,,w/ scaf,,Past Ex,,w/ scaf,,✓,,,,,,,,Past Ex,Past Ex,,,,,Past Ex,,,,Past Ex,,,,,,,,,,,,,,,,,,,✓,,,,,,,,,,,,,,,,,,,,,Trainer,,,✓,Trainer,✓,,,,,,Trainer,,,,Past Ex,,,,,,,,,,,,✓,,,Past Ex,Past Ex,Past Ex,,,✓,,,,,,,,,Trainer,,,✓,,,,✓,,✓,,,,,,,,,Trainer,,,,,,,,✓,✓,✓,,,,,,,,,,,,,,,,,,,,✓,,,,,,,,,,,,✓,,,✓,,✓
Mavis,5,,,,,,,,,,,w/ shadow,,,,,,,w/ scaf,,,,,,,,,,,,,,,,,,,,w/ shadow,,,,w/ shadow,w/ shadow,,,,,w/ shadow,,,,,,,,,,,,Brief scaf,w/ shadow,✓,,,,✓,,,,,,,,,,,,,,,,,,,,,w/ scaf,,,,,,,,✓,,,,,w/ shadow,,,,,,,,,,,,,,✓,,,,,,✓
Mayura,2,,,Past Ex,,✓,,,✓,✓,✓,✓,✓,,✓,,✓,,✓,,✓,,,,,,,,,,✓,✓,✓,,,,,,,,,,,,,,,,,,,,,,,,,,w/ shadow,,,,w/ shadow,,,,w/ shadow,,,,,,,,,,,,,,,,,,,,,,,,,,,,,,,,,,,,,,,,,,,,,,,,,,,,,,,,,,,,,,,Interested,Interested,,,,,,,,,✓,,,,,,,,,,,,,,,,,,,,,,,,,,,,,w/ scaf,,✓,,w/ shadow,,,w/ scaf,,,,,w/ shadow,,Brief scaf,,,✓,,,w/ shadow,,,w/ shadow,,,,,,,,,,,✓
Meg,5,,,,,✓,,,✓,✓,✓,,,,,,✓,,✓,,w/ scaf,,,,,,,,,,WCF,w/ scaf,Brief scaf,,,,,,,,,,,,,,,,,,,,,,,,,,,,Brief scaf,,✓,,,,,,,WCF,,✓,,,,,,,,,,,WCF,,,,,,,,,,,,,,,,,,,,,,,,,,,,,,,,,,,,,,,,,,,,,✓,,,,,,,,,,,,,,,✓
Mogee,5,,,,,,,,w/ shadow,,,w/ scaf,,,,,,,,,,,,,,,,,,,,,,,,,,✓,w/ shadow,✓,✓,Trainer,Trainer,Trainer,✓,✓,✓,w/ scaf,Trainer,✓,w/ scaf,w/ scaf,Trainer,Trainer,Trainer,Trainer,✓,✓,✓,✓,✓,w/ shadow,Brief scaf,w/ shadow,✓,Brief scaf,✓,,,,,,,,,,,,,,,,,,,,,Trainer,Trainer,,,Trainer,✓,✓,,,,Trainer,✓,Trainer,Trainer,,Trainer,,,,,,,,Interested,,,,,,Interested,,,,,,,,,,,✓,Trainer,Trainer,,,Trainer,,,,,,,,,,✓,,,,,,,,Interested,Interested
Nathan,5,,,,,,,,,,,w/ scaf,,,,,,,,,,,,,,,,,,,,,,,,,,,✓,,✓,,,,,,✓,,,,,,,,,,,,,,,Brief scaf,Brief scaf,,,✓,✓,,,,,,,,,,,,,,,,,,,,,,,,,,,,,✓,,Trainer,,,,,,,,,,,,,w/ scaf,,,,,,,,,,,,,,,Brief scaf,,,,,,,,,,w/ scaf,✓,,,✓
Paul,5,,,,,,,,,,,w/ scaf,,,✓,,,,,,,,,,,,,,,,,✓,w/ shadow,,,,,,,,,,,,,,,Brief scaf,,,,,,,,,,,,,,,,,,,,,,,,,,,,,,,,,,,,,,,,,,,,,,,,,,,,,,,,,,,,,,,w/ scaf,,,✓,,,✓,,,,✓,,,,,,,✓,,,,w/ shadow
Peyton,5,,,,,,,,,,,,,,,,,,,,,,,,,,,,,,,,,,,✓,✓,,,✓,,,,,,✓,✓,,,,,,,,,,,,,✓,,,Brief scaf,,,,✓,,,,,WCF,,,,,,,,,,,,,w/ shadow,,,,,,,,w/ scaf,w/ scaf,,,,Interested,✓,✓,w/ shadow,,,,w/ shadow,w/ scaf,,Interested,,✓,,,,,,,✓,,,,Interested,,,,,,,,✓,✓,w/ scaf,,,,,,,,,✓,,,✓
Pip,5,,,,,,,,,,,,,,w/ scaf,,,,,,,,,,,,,,,,,,,,,,,w/ scaf,,Brief scaf,✓,Brief scaf,Brief scaf,w/ scaf,,,,,,,,,,,,,,,✓,,,,,,,,,,,,,,,,,,,,,,,,,,,,,,,,,,w/ shadow,w/ shadow,,w/ shadow,,,,,w/ shadow,,,,,,,,,,,,,,✓,,,,w/ scaf,,✓
Rae,5,,,,,,,,,,,,,,,,,,,,,,,,,,,,,,,,,,,,,,,,,,,,,,✓,✓,,,,,,,,,,,✓,,,,,,,,✓,,,,✓,✓,,,,,,,,,,,,,,,,,,,,,,,,,,,,,,,,,,,,,,,,,,,,,,,,,,,,,,,,,,,,,,,,,,,,,,,✓,,,,,,,,,,✓
Randy,5,,,,,,,,,,,,,,,,,,,,,,,,,,,,,,,,,,,,,,,,,,,,,,,,,,,,,,,,,,,,,,,,,,,,,,,,,,,,,,,,,,,,,,,,,,,,,,,,,,,,,,,,,,,,,,Trainer,Trainer,Trainer,Trainer,,Trainer,,,Trainer,Trainer,,,,,,,,,,,,,,,,,,,,,,,,,,,,Trainer,,,✓,✓,,,,,,,,,,,,,,,,,,,Trainer,,,,Trainer,,,,,,,,,,,Trainer,,,,,,,,,,,,Trainer,,,,,Trainer
Rob,5,,,Trainer,,Trainer,,,Trainer,Trainer,Trainer,Trainer,Trainer,,Trainer,,Trainer,,Trainer,,Trainer,,,,✓,✓,,,,Trainer,Trainer,Trainer,✓,,,,,,,,Interested,,,,,,,,,,,,Interested,,Interested,Past Ex,,Interested,,,,,,,,,,,,,,,,,Trainer,,,,,,,,Past Ex,,,✓,✓,,,,,,,,,,,Interested,,,,,,,,,,,,Past Ex,Past Ex,Past Ex,,Interested,Past Ex,,,,,,Past Ex,,Trainer,,Past Ex,,,,,Interested,Interested,,Interested,,,Past Ex,,,,Past Ex,,,,,,,,,,,✓,,✓,,,,,,,,,,Trainer,Trainer,,,,,Trainer,,✓,,,,,,,,,,,,Brief scaf,,✓,,,w/ scaf,,w/ scaf,,✓,,,,,,,,,,,✓
Robyn,5,,,,,,,,,,,✓,Brief scaf,,✓,,,,✓,,✓,,,,,,,,,,,w/ scaf,,,,,,,,✓,,,,,,,,,,,,,,,,,,,,,,,,,,,,,,,,,,,,,,,,,,,,,,,,✓,WCF,✓,,,,,,,,,,,,,,,,,,,,✓,w/ scaf,,,✓,,,,,,,,,,,,,,,✓,✓
Samaya,5,,,,,,,,,,,w/ shadow,,,,,,,,,,,,,,,,,,,,,,,,,,,,Brief scaf,,,,,,,✓,,,,,,,,,,w/ scaf,,,,✓,,✓,,,,Brief scaf,,,WCF,,,,,,,,,,,w/ shadow,,,,,✓,,,,,,,,,,,,,,,,,,,,,,,,,,,,,Brief scaf,,,,,,w/ scaf
Sarah,5,,,,,,,,,,,,,,,,,,,,,,,,,,,,,,,,,,,✓,✓,✓,✓,,✓,,,,,✓,✓,,✓,,,,,,,Interested,✓,,✓,✓,✓,,✓,,,✓,✓,,,,,,,,,,,,,,,,,,,,,,,,,,,,,,,,,,,,,,w/ scaf,,,,,,,,,,,,,,,,,,,,,,,✓,✓,✓,,,,✓,,,,,,,,,,,,,,,,,,,,,,,,,,,,,,,,,,,,,,,,,,✓,,,,,w/ shadow,,Brief scaf,,,,,,,,,,,Brief scaf,Brief scaf,,,✓,,,,,w/ scaf
Sofia,5,,,,,,,,,,,,✓,,,,,,,,,,,,,,,,,,,,,,,,,,,,,,,,,,,,,,,,,,,,,,,,,,,,,,,,,,,,,,,,,,,,,,,,,,,,,,,,,,,,,,,,,,,,,,,,,✓,,,,,,,,,,,✓
Sonja,5,,,w/ scaf,,✓,,,✓,✓,✓,✓,✓,,✓,,,,,,w/ scaf,,,,,,,,,,w/ scaf,w/ scaf,Brief scaf,,,,,,,,,,,,,,,,,,,,,,,,,,,,✓,,Brief scaf,,,,,,,,WCF,✓,,,,,,,,,,,,,,,,,,,,,,,,✓,,,,,,,,,,,,,,,,,,,,,,,,,,,,,,,,✓,,,,,,,,,,,,,,,✓
Tala,5,,,,,,,,,,,w/ scaf,,,,,,,,,,,,,,,,,,,,w/ shadow,,,,,,w/ scaf,,Brief scaf,Brief scaf,,,,,,w/ scaf,,,,,,,,,,,,✓,Brief scaf,,,,,,✓,Brief scaf,,,,,,,,,,,,,,,,,,,,,,,,,,✓,✓,,,,,,,,,,,,,,,,,,,,,,,w/ scaf
Tori,5,,,,,,,,✓,,,✓,✓,,✓,,,,,,w/ scaf,,,,,,,,,,,w/ scaf,,,,,,✓,,,w/ shadow,,,,,,✓,Brief scaf,w/ shadow,,,,,,,,w/ shadow,,,,,,,,,,Brief scaf,,,,,,,,,,,,,,,,,,,,,,,,,,,,,,,,,✓,,,,,✓,,,,,,,,,,,,,,,,,,,,,,,✓,✓,✓,,,,,,,✓,,,,,,,,,,,,,,,,✓,,,,,,,,,,,,,,,w/ scaf,w/ scaf,✓,Brief scaf,,✓,,,,,,,,,,Brief scaf,,,,,,,w/ scaf,,,,,✓,,,,,,,,Brief scaf
Tryne,5,,,,,,,,,,,,,,,,,,,,,,,,,,,,,,,,,,,,Brief scaf,✓,,✓,✓,,,,,,Brief scaf,,,,,,,,,w/ scaf,,,✓,✓,,,,,,Brief scaf,w/ shadow,,,,,,,,,,,,,,,,,,,,,,,,,,,,,,,,,,,,,,,,,,,w/ scaf
Tyson,5,,,,,,,,Brief scaf,Brief scaf,Brief scaf,✓,✓,,✓,,,,,,,,✓,,,,,,,,,,✓,,,,,,✓,,✓,,,,,,,,,,,,✓,,✓,Past Ex,,,,Interested,,,Past Ex,,,,✓,,,,,,,,,,,,,,,,,,,✓,,,,,,,,,,,,w/ shadow,,w/ shadow,,,Past Ex,,,,,,,Trainer,✓,✓,,✓,✓,✓,✓,,✓,✓,Trainer,,,,,,,,✓,✓,✓,,,,,,,,,✓,,,✓,,,,,,,,,✓,✓,,,,,,,,,,,✓
Vic,5,,,w/ scaf,,Trainer,,,Trainer,Trainer,Trainer,Trainer,Trainer,,Trainer,,Trainer,,Trainer,,,,Trainer,,,,,,,w/ scaf,✓,✓,✓,,,,,,,,,,,,,,,,w/ shadow,,w/ shadow,,,,,,,,,,,,,,,,,,,,,✓,,,,,,,,,,✓,✓,,,,,,,,,,,w/ shadow,,,,,,,,,,,✓,✓,,,,,,,,,,,,,,,,,,,,,,✓,,,,,,,,,,,,,,,,,,,,,,,✓,✓,✓,,,,,,,,,,✓,,,,,,✓,,,,,,,,,,,,,,,,✓,,,,,,,,,Trainer,Trainer
Yolanne,5,,,,,,,,,,,w/ scaf,,,,,,,,,,,,,,,,,,,,,,,,,,,,,✓,,,,,,✓,,,,,,,,,,,,,,,,,,,,✓,,,,,WCF,,,,,,,,,,,WCF,,Brief scaf,,,✓,WCF,,,,,,,,,,,,,,,,,,,,,,,,,,,,,,,,,,,,,,,,✓,w/ scaf,Brief scaf,,,,,,,,,✓,,,✓
Asa,5
Casey,5
Ken,5
Cameron McDonald,5
Mardee,5
Nelly,5
KO,1
Anna JC,1
Zach,1
Looby,1
Greta,1
